{"name":"DatasetRequestIntent","identifier":"HV7WVTQQNT","description":null,"parentIntentSignature":null,"sampleUtterances":[{"utterance":"Get me a CSV dataset about images from HuggingFace after January 2025."},{"utterance":"Find a Kaggle dataset in CSV format updated since March 2024."},{"utterance":"I need a dataset about time series in Excel format from Kaggle, published last year."},{"utterance":"From HuggingFace, get a dataset in JSON format about NLP."},{"utterance":"Find any CSV dataset about weather after 2023-01-01."},{"utterance":"Get me a CSV dataset about financial data from Kaggle, updated since March 2024."},{"utterance":"I need an Excel dataset about housing prices from HuggingFace after January 2023."},{"utterance":"Find a JSON file on climate data from Kaggle from last year."},{"utterance":"Get me a {format} dataset from {source} updated since {date}"},{"utterance":"Find a {format} dataset from {source} updated since {date}"},{"utterance":"I need a {format} dataset from {source} updated since {date}"},{"utterance":"Find a {format} dataset from {source} about {topic} updated since {date}"},{"utterance":"Get a {format} dataset about {topic} from {source} updated after {date}"},{"utterance":"Show me a {topic} dataset in {format} from {source} since {date}"},{"utterance":"Download a {topic} dataset from {source} in {format} format updated after {date}"},{"utterance":"Find a {topic} dataset from {source}"},{"utterance":"Get me a {format} dataset about {topic}"},{"utterance":"Show datasets from {source} about {topic}"},{"utterance":"Get {topic} data from {source} in {format}"},{"utterance":"Find a {topic} dataset updated since {date}"},{"utterance":"Show {format} datasets updated after {date}"},{"utterance":"Find a dataset about {topic}"},{"utterance":"Get a dataset from {source}"},{"utterance":"Show me {format} datasets"},{"utterance":"Find datasets updated since {date}"},{"utterance":"Get me a dataset"}],"intentConfirmationSetting":null,"intentClosingSetting":null,"initialResponseSetting":{"conditional":null,"codeHook":{"isActive":true,"invocationLabel":null,"postCodeHookSpecification":{"failureResponse":null,"failureNextStep":{"sessionAttributes":null,"dialogAction":{"type":"EndConversation","slotToElicit":null,"suppressNextMessage":null,"intentsInScope":null},"intent":{"name":null,"slots":null}},"failureConditional":null,"successResponse":null,"successNextStep":{"sessionAttributes":null,"dialogAction":{"type":"EndConversation","slotToElicit":null,"suppressNextMessage":null,"intentsInScope":null},"intent":{"name":null,"slots":null}},"successConditional":null,"timeoutResponse":null,"timeoutNextStep":{"sessionAttributes":null,"dialogAction":{"type":"EndConversation","slotToElicit":null,"suppressNextMessage":null,"intentsInScope":null},"intent":{"name":null,"slots":null}},"timeoutConditional":null},"enableCodeHookInvocation":true},"nextStep":{"sessionAttributes":null,"dialogAction":{"type":"InvokeDialogCodeHook","slotToElicit":null,"suppressNextMessage":null,"intentsInScope":null},"intent":{"name":null,"slots":null}},"initialResponse":null},"inputContexts":null,"outputContexts":null,"kendraConfiguration":null,"qnAIntentConfiguration":null,"bedrockAgentIntentConfiguration":null,"qInConnectIntentConfiguration":null,"dialogCodeHook":{"enabled":true},"fulfillmentCodeHook":{"isActive":true,"postFulfillmentStatusSpecification":{"failureResponse":null,"failureNextStep":{"sessionAttributes":null,"dialogAction":{"type":"EndConversation","slotToElicit":null,"suppressNextMessage":null,"intentsInScope":null},"intent":{"name":null,"slots":null}},"successResponse":null,"successNextStep":{"sessionAttributes":null,"dialogAction":{"type":"EndConversation","slotToElicit":null,"suppressNextMessage":null,"intentsInScope":null},"intent":{"name":null,"slots":null}},"timeoutResponse":null,"timeoutNextStep":{"sessionAttributes":null,"dialogAction":{"type":"EndConversation","slotToElicit":null,"suppressNextMessage":null,"intentsInScope":null},"intent":{"name":null,"slots":null}}},"fulfillmentUpdatesSpecification":{"active":false,"timeoutInSeconds":null,"startResponse":null,"updateResponse":null},"enabled":true},"slotPriorities":[{"priority":1,"slotName":"topic"},{"priority":2,"slotName":"source"},{"priority":3,"slotName":"format"},{"priority":4,"slotName":"date"}]}